<?xml version="1.0" encoding="UTF-8"?>
<beans xmlns="http://www.springframework.org/schema/beans"
       xmlns:xsi="http://www.w3.org/2001/XMLSchema-instance"
       xmlns:context="http://www.springframework.org/schema/context"
       xmlns:mvc="http://www.springframework.org/schema/mvc"
       xsi:schemaLocation="http://www.springframework.org/schema/beans
                        http://www.springframework.org/schema/beans/spring-beans-3.1.xsd
                        http://www.springframework.org/schema/context
                        http://www.springframework.org/schema/context/spring-context-3.1.xsd
                        http://www.springframework.org/schema/mvc
                        http://www.springframework.org/schema/mvc/spring-mvc-4.0.xsd">
    <!-- 自动扫描该包，使SpringMVC认为包下用了@controller注解的类是控制器 -->
    <!-- 全扫一次： controller及service-->
    <context:component-scan base-package="com.feelings.controller.*"/>

    <!-- 避免IE执行AJAX时，返回JSON出现下载文件 -->
    <bean id="mappingJacksonHttpMessageConverter"
          class="org.springframework.http.converter.json.MappingJackson2HttpMessageConverter">
        <property name="supportedMediaTypes">
            <list>
                <value>text/html;charset=UTF-8</value>
            </list>
        </property>
    </bean>
    <!-- 启动SpringMVC的注解功能，完成请求和注解POJO的映射 -->
    <bean class="org.springframework.web.servlet.mvc.annotation.AnnotationMethodHandlerAdapter">
        <property name="messageConverters">
            <list>
                <ref bean="jsonHttpMessageConverter"/>
            </list>
        </property>
    </bean>

    <!-- JSON转换器 -->
    <bean id="jsonHttpMessageConverter"
          class="org.springframework.http.converter.json.MappingJackson2HttpMessageConverter">
        <property name="supportedMediaTypes">
            <list>
                <value>application/json;charset=UTF-8</value>
            </list>
        </property>
    </bean>

    <!-- 定义跳转的文件的前后缀 ，视图模式配置 -->
    <bean class="org.springframework.web.servlet.view.InternalResourceViewResolver">
        <!-- 这里的配置我的理解是自动给后面action的方法return的字符串加上前缀和后缀，变成一个 可用的url地址 -->
        <property name="prefix" value="/WEB-INF/pages"/>
        <property name="suffix" value=".jsp"/>
    </bean>

    <!-- 配置文件上传，如果没有使用文件上传可以不用配置，当然如果不配，那么配置文件中也不必引入上传组件包 -->
    <bean id="multipartResolver"
          class="org.springframework.web.multipart.commons.CommonsMultipartResolver">
        <!-- 默认编码 -->
        <property name="defaultEncoding" value="utf-8"/>
        <!-- 文件大小最大值 -->
        <property name="maxUploadSize" value="10485760000"/>
        <!-- 内存中的最大值 -->
        <property name="maxInMemorySize" value="40960"/>
    </bean>


    <!-- 拦截器
    spring mvc的拦截器只拦截controller不拦截jsp文件
    -->
    <mvc:interceptors>
        <!-- 多个拦截器，顺序执行 -->
        <!-- 登录认证拦截器 -->
        <mvc:interceptor>
            <mvc:mapping path="/**"/>
            <mvc:exclude-mapping path="/api/bin/getBin"/>
            <mvc:exclude-mapping path="/api/user/register"/>
            <mvc:exclude-mapping path="/api/user/webLogin"/>
            <mvc:exclude-mapping path="/api/user/login"/>
            <mvc:exclude-mapping path="/api/user/isLogin"/>
            <mvc:exclude-mapping path="/band/**"/>
            <!-- 放行静态资源 -->
            <mvc:exclude-mapping path="/static/**"/>
            <bean class="com.feelings.interceptor.LoginInterceptor"/>
        </mvc:interceptor>
    </mvc:interceptors>
    <!--
    作用：解决后端不乱码，前端乱码的问题
    参考：https://blog.csdn.net/sinat_35626559/article/details/79122723
    -->
    <!--自定义消息转换器的编码，解决后台传输json回前台时，中文乱码问题-->
    <mvc:annotation-driven >
        <mvc:message-converters register-defaults="true">
            <bean class="org.springframework.http.converter.StringHttpMessageConverter" >
                <property name="supportedMediaTypes">
                    <list>
                        <value>application/json;charset=utf-8</value>
                        <value>text/html;charset=utf-8</value>
                        <!-- application 可以在任意 form 表单里面 enctype 属性默认找到 -->
                        <value>application/x-www-form-urlencoded</value>
                    </list>
                </property>
            </bean>
            <bean class="org.springframework.http.converter.json.MappingJackson2HttpMessageConverter" />
        </mvc:message-converters>
    </mvc:annotation-driven>

    <!--
    作用：处理对静态资源的获取
    参考：https://blog.csdn.net/xyc_csdn/article/details/51511440
    -->
    <!--<mvc:resources mapping="/**.jsp" location="pages/"/>-->

</beans>