<?xml version="1.0" encoding="UTF-8" ?>
<!DOCTYPE mapper
        PUBLIC "-//mybatis.org//DTD Mapper 3.0//EN"
        "http://mybatis.org/dtd/mybatis-3-mapper.dtd">
<mapper namespace="com.demo.UserExampleDAO">

    <!-- resultMap -->
    <resultMap type="com.demo.pojo.UserExample" id="UserResultMap">
        <id property="id" column="user_id"/>
        <result property="openid" column="user_openid"/>
        <result property="sessionid" column="user_sessionid"/>
        <result property="sessionkey" column="user_sessionkey"/>
    </resultMap>


    <!-- 查询User -->
    <select id="getUser" resultMap="UserResultMap" parameterType="com.demo.pojo.UserExample">
        select * from User
        where true
        <choose>
            <when test="user.id != null and user.id !=''">
                and user_id = #{user.id}
            </when>
            <when test="user.openid != null and user.openid !=''">
                and user_openid = #{user.openid}
            </when>
            <when test="user.sessionid != null and user.sessionid !=''">
                and user_sessionid = #{user.sessionid}
            </when>
            <otherwise>
                and false
            </otherwise>
        </choose>
        ;
    </select>

    <!-- 添加User -->
    <insert id="addUser" parameterType="com.demo.pojo.UserExample"
            useGeneratedKeys="true" keyProperty="user.id">
        insert into User(
        user_sessionid
        <if test="user.sessionkey != null and user.sessionkey !=''">
            ,user_sessionkey
        </if>
        <if test="user.openid != null and user.openid !=''">
            ,user_openid
        </if>
        ) value (
        #{user.sessionid}
        <if test="user.sessionkey != null and user.sessionkey !=''">
            ,#{user.sessionkey}
        </if>
        <if test="user.openid != null and user.openid !=''">
            ,#{user.openid}
        </if>
        ;

    </insert>

    <!-- 更新User -->
    <update id="updateUser" parameterType="com.demo.pojo.UserExample">
        update User
        set
        user_id = #{user.id}
        <if test="user.openid!=null and user.openid!=''">
            ,user_openid = #{user.openid}
        </if>
        <if test="user.sessionkey!=null and user.sessionkey!=''">
            ,user_sessionkey = #{user.sessionkey}
        </if>
        <choose>
            <when test="user.sessionid==null">
                ,user_sessionid = NULL
            </when>
            <when test="user.sessionid!=''">
                ,user_sessionid = #{user.sessionid}
            </when>
        </choose>
        where user_id = #{user.id}
    </update>

</mapper>